Buffer Pool Size,Thread Count,Insert Time without PS,Insert Time with PS,Get Time without PS,Get Time with PS
10000,1,0.6369543062999999,0.7197682671999999,0.7545719294000001,0.6800300158000001
10000,2,0.5568204771999999,0.5944234962999999,0.5588020183,0.5007453893
10000,3,0.522018367,0.5562319112,0.4954786125,0.48646644170000003
10000,4,0.42865444109999995,0.45387888609999993,0.4711464665999999,0.4778913661
20000,1,0.7525867697,0.7213179426,0.7065886898,0.6855534724999999
20000,2,0.5903458851,0.6754992643,0.5587342768,0.5765735180000001
20000,3,0.5796851445,0.619612496,0.5034398112,0.49240853749999997
20000,4,0.49817102240000005,0.5015347981,0.44209603919999996,0.4562749076
